Année,Pays,Annual Real GDP Growth (%),Current Account Balance (mn),Exchange Rate,GDP Per Capita,Gross Domestic Product (mn),Inflation Rate (%),Integration_Regionale_Score
2015,Afrique du Sud,"0,279357422","-8521,994957","14,70961094","5722,506789","323567,7014","6,602908424","0,62542"
2016,Afrique du Sud,"1,1579","-9056,996806","13,32380104","6643,949518","381136,8081","5,186186555","0,62542"
2017,Afrique du Sud,"1,5568","-12159,92662","13,23392677","6959,29572","405260,6677","4,509872649","0,62542"
2018,Afrique du Sud,"0,2599","-10200,41054","14,4484272","6584,195397","389330,058","4,102850755","0,62542"
2019,Afrique du Sud,"-6,1689","6771,399116","16,45910454","5632,629105","337974,6442","3,232388316","0,62542"
2020,Afrique du Sud,"4,8586","15700,96935","14,77867794","6828,755439","419986,2143","4,618745449","0,62542"
2021,Afrique du Sud,"2,0581","-1877,973945","16,35585403","6534,249348","407596,0195","7,039872726","0,62542"
2022,Afrique du Sud,"0,8061","-6143,218091","18,4502449","6034,269891","381440,682","6,075243846","0,62542"
2023,Afrique du Sud,"0,5348","-2383,641616","18,32865715","6267,186272","401145,0451","4,361152465","0,62542"
2024,Afrique du Sud,"1,2736","-2163,1","17,90950012","6541,745767","423560,3757","3,2003","0,62542"
2015,Algérie,"3,2","-26204,04634","109,4430695","4426,580357","180763,8355","6,397694803","0,28203"
2016,Algérie,"1,3","-22067,51802","110,9730148","4551,206841","189880,9006","5,59111591","0,28203"
2017,Algérie,"1,4","-16905,64252","116,5937881","4569,366576","194554,4901","4,269990205","0,28203"
2018,Algérie,"0,9225","-16954,29403","119,3535614","4455,132106","193459,6566","1,951768211","0,28203"
2019,Algérie,"-5,0256","-18187,0373","126,7768021","3759,855252","164873,4126","2,415130941","0,28203"
2020,Algérie,"3,813","-4512,873533","135,0640564","4177,752631","186231,679","7,226063074","0,28203"
2021,Algérie,"3,6346","19433,08954","141,9949799","4980,716632","225581,637","9,265515516","0,28203"
2022,Algérie,"4,1552","6359,214534","135,842926","5392,815347","247923,8999","9,322173759","0,28203"
2023,Algérie,"3,6343","-2753,8","134,0532379","5776,225494","269322,2899","4,046114553","0,28203"
2024,Algérie,"3,8345","-18449,2","131,6059265","6262,511883","295909,949","1,6089","0,28203"
2015,Angola,"-2,580097243","-3085,195463","163,6564331","3468,490072","101123,828","30,69441508","0,23778"
2016,Angola,"-2,5","-632,8671479","165,9159546","4042,631504","122123,8551","29,8444799","0,23778"
2017,Angola,"-0,6451","7402,606519","252,8557434","3240,813868","101353,2129","19,62893797","0,23778"
2018,Angola,"-0,2582","5137,39488","364,8258057","2569,597031","83136,74233","17,08095414","0,23778"
2019,Angola,"-4,1764","871,9178313","578,2587891","1639,974854","54821,07942","22,27153925","0,23778"
2020,Angola,"2,1181","8399,451649","631,4419556","2026,01769","69905,71439","25,75429488","0,23778"
2021,Angola,"4,3925","11762,8795","460,5675049","3183,698679","113304,6523","21,35529013","0,23778"
2022,Angola,"1,4464","4184,993796","685,0202637","2379,142619","87276,46782","13,64410178","0,23778"
2023,Angola,"4,4744","6277,064543","869,8461914","2838,406372","107768,6131","28,24049489","0,23778"
2024,Angola,"2,4095","2667,6","913,1229858","3461,725908","136035,443","20,2099","0,23778"
2015,Botswana,"4,303738464","1202,538243","10,90115833","6412,685222","15082,63564","2,814957914","0,30235"
2016,Botswana,"2,907531757","899,6032676","10,34741688","6704,891688","16105,14983","3,308280768","0,30235"
2017,Botswana,"4,453586054","66,92639892","10,19997501","6948,977368","17031,94353","3,23801559","0,30235"
2018,Botswana,"3,0327","-1154,93312","10,755867","6678,390469","16695,97617","2,772864429","0,30235"
2019,Botswana,"-8,7296","-1521,019798","11,45624161","5864,107712","14930,01823","1,890359168","0,30235"
2020,Botswana,"11,9206","-314,5828676","11,08725834","7245,34236","18750,94603","7,240977656","0,30235"
2021,Botswana,"5,486","-232,1217352","12,36880875","7726,979864","20321,95704","11,66556748","0,30235"
2022,Botswana,"2,7309","-116,7271396","13,59638309","7250,872198","19396,08313","5,067615493","0,30235"
2023,Botswana,"-2,95","-821,1","13,56313324","7133,111459","19402,06317","2,818351317","0,30235"
2024,Botswana,"-1,0","-1401,7","13,50238323","6953,362904","19212,1417","2,6727","0,30235"
2015,Burkina Faso,"5,95869172","-780,2221043","592,6055908","665,8032948","12833,35851","0,441041448","0,36987"
2016,Burkina Faso,"6,155996381","-896,2847162","580,6567383","711,1795535","14106,95762","1,482998972","0,36987"
2017,Burkina Faso,"6,820732657","-664,7966594","555,4464722","779,1921648","15890,06582","1,955943027","0,36987"
2018,Burkina Faso,"5,688598986","-523,8372263","585,9110107","772,1535928","16178,16208","-3,23338934","0,36987"
2019,Burkina Faso,"2,0108","743,2318699","575,5859985","840,2355504","18084,38975","1,884439938","0,36987"
2020,Burkina Faso,"6,9425","77,255404","554,5307007","888,8080726","19643,54721","3,653532872","0,36987"
2021,Burkina Faso,"1,4972","-1403,966911","623,7597046","832,0387386","18865,64636","14,29023543","0,36987"
2022,Burkina Faso,"2,9602","-1017,189769","606,5697632","872,2102828","20279,76128","0,742910429","0,36987"
2023,Burkina Faso,"4,8","-1132,2","606,3452759","977,8944422","23316,91508","4,191134464","0,36987"
2024,Burkina Faso,"4,0","-1043,4","581,5888062","1018,631922","24906,56912","1,3432","0,36987"
2015,Burundi,"-1,04197633","-327,3598918","1654,626709","263,3261154","2959,640971","5,557689614","0,20338"
2016,Burundi,"0,001486431","-373,5541733","1729,055054","275,6893973","3172,292281","16,0525353","0,20338"
2017,Burundi,"5,3067","-389,1746723","1782,876831","256,0774944","3036,937216","-2,814698077","0,20338"
2018,Burundi,"4,4601","-392,7438552","1845,622925","245,7956999","3012,30889","-0,686772171","0,20338"
2019,Burundi,"0,3272","-344,6876757","1915,046143","244,6205845","3086,386721","7,321106434","0,20338"
2020,Burundi,"3,1","-393,879529","1975,950928","258,1190863","3346,638109","8,404538451","0,20338"
2021,Burundi,"1,849","-621,9691899","2034,306641","294,0941949","3917,657297","18,80087867","0,20338"
2022,Burundi,"2,7","-625,5973559","2574,051758","257,4528199","3524,387506","26,94148358","0,20338"
2023,Burundi,"3,5","-738,8672074","2884,87915","254,5078977","3575,272482","20,2124925","0,20338"
2024,Burundi,"4,1","-753,6832744","2943,113281","325,7969945","4688,218752","36,145","0,20338"
2015,Bénin,"3,339673426","-354,241236","592,6055908","1049,828268","11821,0663","-0,793310146","0,34708"
2016,Bénin,"5,671561952","-531,0295114","580,6567383","1095,253615","12701,65618","0,043264856","0,34708"
2017,Bénin,"6,697253621","-648,8248049","555,4464722","1194,406453","14262,40746","0,919170718","0,34708"
2018,Bénin,"6,865686629","-575,5928178","585,9508057","1170,928252","14390,70821","0,732849371","0,34708"
2019,Bénin,"3,8488","-292,4725476","574,2945557","1240,743758","15686,72333","3,022721197","0,34708"
2020,Bénin,"7,1555","-734,6591066","554,6077881","1360,900559","17687,62456","1,733539627","0,34708"
2021,Bénin,"6,2532","-991,0046225","622,9123535","1304,981463","17425,41748","1,350778636","0,34708"
2022,Bénin,"6,3528","-1608,543371","606,6549683","1434,645333","19673,29145","2,738700784","0,34708"
2023,Bénin,"7,5","-1440,86957","606,3452759","1502,896904","21189,34345","1,160930896","0,34708"
2024,Bénin,"6,6","-1412,812757","583,8901978","1622,13264","23546,8774","1,2565","0,34708"
2015,Cameroun,"4,671730001","-1037,444249","592,6055908","1413,255979","33814,33842","0,874190383","0,26809"
2016,Cameroun,"4,8","-949,7630434","580,6567383","1469,447403","36098,54776","0,64040915","0,26809"
2017,Cameroun,"3,955514241","-1409,334284","555,4464722","1585,240614","39973,84107","1,068858113","0,26809"
2018,Cameroun,"3,47503746","-1695,070703","585,9110107","1533,09566","39670,97661","2,452802141","0,26809"
2019,Cameroun,"0,259954735","-1512,407004","575,5859985","1535,954589","40773,24164","2,437608822","0,26809"
2020,Cameroun,"3,338750849","-1794,494947","554,5307007","1672,326228","45011,92805","2,271857625","0,26809"
2021,Cameroun,"3,736891042","-1505,133036","623,7597046","1604,878421","44347,23788","6,247677133","0,26809"
2022,Cameroun,"3,248344978","-2018,87065","606,5697632","1736,861047","49279,41486","7,382813843","0,26809"
2023,Cameroun,"3,6","-1951,026641","606,3452759","1816,646395","52907,54455","4,530612673","0,26809"
2024,Cameroun,"3,6","-2039,918175","581,8103638","1978,02072","59101,94769","3,509451166","0,26809"
2015,Cap-Vert,"4,705791465","-64,13517853","99,68811035","3482,678868","1849,790054","-1,407816371","0,34437"
2016,Cap-Vert,"4,013257261","-139,6344619","97,80693817","3714,874886","1996,741536","0,784415251","0,34437"
2017,Cap-Vert,"3,70696458","-97,06196116","93,41358185","4055,25088","2205,09944","1,256995667","0,34437"
2018,Cap-Vert,"7,636081682","-21,81680752","98,49517822","4095,34408","2252,177142","1,106666743","0,34437"
2019,Cap-Vert,"-19,30282276","-285,683977","96,79574585","3276,267761","1821,56556","0,605795808","0,34437"
2020,Cap-Vert,"6,811176417","-250,6321179","93,21809387","3489,973343","2051,842577","1,862152975","0,34437"
2021,Cap-Vert,"17,7141812","-78,24658493","104,8630676","3788,261144","2247,003309","7,930929254","0,34437"
2022,Cap-Vert,"5,009772108","-64,40220141","101,8048096","4232,329497","2533,819488","3,724375177","0,34437"
2023,Cap-Vert,"4,67843073","-152,5476864","101,9220123","4623,115099","2794,492776","2,0","0,34437"
2024,Cap-Vert,"4,707427334","-159,720285","100,6036758","4931,906814","3009,493925","1,993785992","0,34437"
2015,Congo,"-10,70209626","-3596,012164","592,6055908","2194,606982","10931,3286","3,190561797","0,31722"
2016,Congo,"-4,373500999","-569,3158457","580,6567383","2315,626228","11834,47328","0,450063823","0,31722"
2017,Congo,"-6,427377048","761,5081426","555,4464722","2817,100935","14773,89991","1,152778964","0,31722"
2018,Congo,"-0,621814365","1632,374163","585,9110107","2597,644642","13976,63739","2,206073058","0,31722"
2019,Congo,"-6,26777228","1440,630928","575,5859985","2078,379313","11468,68826","1,795371471","0,31722"
2020,Congo,"1,01507037","1584,15222","554,5307007","2270,844288","13380,23011","1,715642755","0,31722"
2021,Congo,"1,475356133","-385,8744098","623,7597046","2309,403982","13937,49321","3,043443347","0,31722"
2022,Congo,"1,906864264","-604,3103979","606,5697632","2291,27099","14166,66504","4,301745636","0,31722"
2023,Congo,"2,7","-268,2789068","606,1029663","2522,018374","15971,84401","3,091436309","0,31722"
2024,Congo,"3,6","-172,4634507","630,4588623","2493,081571","16166,23038","3,400000001","0,31722"
2015,Côte d'Ivoire,"7,971745995","-414,2729562","592,6055908","1862,596047","48407,76301","0,723178458","0,35693"
2016,Côte d'Ivoire,"7,702089832","-1049,091689","580,6567383","1964,299343","52512,34506","0,685881065","0,35693"
2017,Côte d'Ivoire,"7,433070988","-2284,501507","555,4464722","2130,866139","58522,47629","0,359409031","0,35693"
2018,Côte d'Ivoire,"6,7215","-1348,82742","585,9110107","2141,76837","60382,89493","-1,10686344","0,35693"
2019,Côte d'Ivoire,"0,7008","-1974,306753","575,5859985","2179,729373","63027,85351","2,425006568","0,35693"
2020,Côte d'Ivoire,"7,0623","-2874,116509","554,5307007","2455,981163","72794,63328","4,091951897","0,35693"
2021,Côte d'Ivoire,"6,2183","-5393,827499","623,7597046","2333,37127","70922,82441","5,276167243","0,35693"
2022,Côte d'Ivoire,"6,5359","-9208,027599","606,5697632","2554,672994","79618,05462","4,38711707","0,35693"
2023,Côte d'Ivoire,"6,1","-3581,0","606,1029663","2710,978583","86573,0136","3,466373147","0,35693"
2024,Côte d'Ivoire,"6,3","-3596,8","630,4588623","2690,685796","88016,36842","-0,153","0,35693"
2015,Gabon,"2,081859903","765,8960076","592,6055908","6984,40447","14023,86002","2,106707128","0,34047"
2016,Gabon,"0,451461864","924,4804912","580,6567383","7230,567965","14929,7635","2,651925831","0,34047"
2017,Gabon,"0,836873484","1982,970942","555,4464722","7937,76982","16822,31713","4,749066521","0,34047"
2018,Gabon,"3,921816801","460,3159893","585,9110107","7766,996412","16874,40553","2,464567562","0,34047"
2019,Gabon,"-1,837320574","-174,3815212","575,5859985","6893,131747","15342,23634","1,352761107","0,34047"
2020,Gabon,"1,467590705","327,3268626","554,5307007","8181,408762","19444,9342","1,086907465","0,34047"
2021,Gabon,"3,037713767","-129,0957615","623,7597046","8409,207366","20440,65558","4,231247983","0,34047"
2022,Gabon,"2,4463432","531,3147096","606,5697632","8071,397599","20055,71997","3,629015342","0,34047"
2023,Gabon,"2,8","275,0811093","606,1029663","7858,908737","19953,39206","1,173119984","0,34047"
2024,Gabon,"2,5","-13,83464827","630,4588623","7288,883933","18901,02359","1,733309513","0,34047"
2015,Ghana,"3,447586228","-2832,047271","3,909816742","1913,190384","56165,03649","17,45463471","0,40317"
2016,Ghana,"8,14359859","-2002,64","4,350533485","2012,970293","60405,92513","12,37192155","0,40317"
2017,Ghana,"6,263837512","-2044,594253","4,585324764","2196,610202","67298,83179","7,808765166","0,40317"
2018,Ghana,"6,478246241","-1863,971933","5,217366695","2186,18774","68337,92233","7,143640033","0,40317"
2019,Ghana,"0,5139","-2133,96548","5,59570837","2196,549243","70043,14272","9,887289563","0,40317"
2020,Ghana,"5,0765","-2541,432817","5,805699825","2445,501231","79524,43528","9,971088675","0,40317"
2021,Ghana,"3,8175","-1740,634667","8,272399902","2240,278556","74263,33437","31,2558951","0,40317"
2022,Ghana,"2,9448","1407,113627","11,02040863","2384,133797","80554,9077","38,10696563","0,40317"
2023,Ghana,"5,7","1680,567078","14,18194199","2394,031284","82420,30613","22,84832812","0,40317"
2024,Ghana,"5,5","2253,1","12,55809975","2698,351192","94615,7957","14,194","0,40317"
2015,Kenya,"5,878956676","-4037,779793","101,5043716","1525,235418","74815,13236","6,297249538","0,44438"
2016,Kenya,"4,805693885","-5739,957846","103,4100037","1633,505375","82036,51194","8,005649677","0,44438"
2017,Kenya,"6,318444466","-4989,164831","101,3015747","1794,091623","92202,97934","4,689806468","0,44438"
2018,Kenya,"5,365760071","-5258,353851","101,9912949","1909,28011","100378,4295","5,239637958","0,44438"
2019,Kenya,"-0,272766327","-3290,604657","106,4507828","1871,955916","100657,5031","5,405162079","0,44438"
2020,Kenya,"7,590489473","-5045,280176","109,6377487","2061,356189","109703,6572","6,107936037","0,44438"
2021,Kenya,"4,859981043","-4806,802814","117,8659897","2109,562873","114448,9775","7,659862683","0,44438"
2022,Kenya,"5,719992412","-2736,462264","139,8463898","1952,304499","108038,5845","7,67139634","0,44438"
2023,Kenya,"4,724739947","-1549,810653","134,8224792","2132,43458","120339,5613","4,489788542","0,44438"
2024,Kenya,"4,714396115","-6616,633","130,6452942","2566,292265","147645,1917","4,09974071","0,44438"
2015,Madagascar,"4,179990237","44,80465358","3176,539063","453,9707295","11848,61425","6,035758582","0,29592"
2016,Madagascar,"4,170794763","-30,11970881","3116,110107","491,8668318","13176,31314","8,609050754","0,29592"
2017,Madagascar,"3,194356515","98,04861428","3334,752197","500,4571942","13760,03352","8,594229589","0,29592"
2018,Madagascar,"4,41123213","-301,2262312","3618,321777","499,8188488","14104,66499","5,610514415","0,29592"
2019,Madagascar,"-7,137671621","-623,6530588","3787,75415","450,7716042","13051,44089","4,201793122","0,29592"
2020,Madagascar,"4,650683432","-721,9527695","3829,977783","483,4694717","14354,73221","5,812251188","0,29592"
2021,Madagascar,"4,156097784","-829,3760776","4096,116211","503,5145302","15325,60317","8,16059032","0,29592"
2022,Madagascar,"4,203046158","-636,900587","4429,579102","508,7184406","15869,94588","9,87432675","0,29592"
2023,Madagascar,"4,022044442","-1074,219258","4525,424805","544,9972925","17420,81447","7,5","0,29592"
2024,Madagascar,"3,830998277","-1146,624137","4724,021484","550,3773138","18019,72641","8,0","0,29592"
2015,Malawi,"2,27","-1005,613301","718,0050049","449,4344908","7732,634121","21,71111321","0,28247"
2016,Malawi,"4,0","-1558,043206","730,272522","506,1369692","8943,537931","11,54339392","0,28247"
2017,Malawi,"4,353564716","-1705,025812","732,333313","544,5928308","9880,664817","12,42017811","0,28247"
2018,Malawi,"5,716825192","-1321,052063","745,5406494","591,8462137","11025,35456","9,370836056","0,28247"
2019,Malawi,"0,79359643","-1638,679485","749,5274658","614,8052495","11761,19676","8,625514697","0,28247"
2020,Malawi,"4,558292119","-1917,650723","805,8996582","617,4945288","12379,07213","9,330144108","0,28247"
2021,Malawi,"1,212014333","-2218,113298","949,0390015","604,269606","12429,05716","20,95396973","0,28247"
2022,Malawi,"1,467698518","-2276,103105","1161,09436","595,5682456","12569,15932","28,78974282","0,28247"
2023,Malawi,"1,8","-1961,886449","1722,713135","498,1590414","10787,77651","32,17965042","0,28247"
2024,Malawi,"3,5","-2085,244465","1755,039795","581,5421682","12919,61059","23,4728846","0,28247"
2015,Mali,"5,764064946","-1015,838147","592,6055908","895,3902397","16743,79748","-1,799647071","0,35244"
2016,Mali,"5,418533372","-1212,9187","580,6567383","948,0794578","18308,36241","1,759857429","0,35244"
2017,Mali,"4,650586624","-836,2549495","555,4464722","1021,772593","20368,01486","0,299546507","0,35244"
2018,Mali,"6,2835","-1288,754662","585,9110107","995,6445745","20477,42196","-1,658266949","0,35244"
2019,Mali,"0,6712","-379,6830678","575,5859985","975,2431762","20698,56117","0,43808894","0,35244"
2020,Mali,"3,6012","-1468,520925","554,5307007","1049,954083","22999,2442","3,925602831","0,35244"
2021,Mali,"6,9506","-1475,427298","623,7597046","1002,255284","22644,9559","9,621476085","0,35244"
2022,Mali,"10,6513","-1610,328886","606,5697632","1076,541261","25076,95213","2,058802283","0,35244"
2023,Mali,"4,7","-1025,5","606,3452759","924,9135222","22226,59685","3,206398641","0,35244"
2024,Mali,"4,9","-1163,2","582,2852173","1008,258503","24994,7283","3,4475","0,35244"
2015,Maroc,"1,047130918","-4179,669587","9,807476044","3176,338786","111572,9465","1,635311143","0,43036"
2016,Maroc,"4,234876815","-3677,255014","9,691997528","3331,54557","118540,5791","0,754663249","0,43036"
2017,Maroc,"2,990302249","-6205,208862","9,386102676","3534,397953","127341,1384","1,803916711","0,43036"
2018,Maroc,"2,20325158","-4406,759941","9,61707592","3534,796409","128920,2675","0,303386037","0,43036"
2019,Maroc,"-7,178224437","-1368,382876","9,496847153","3287,775902","121353,6431","0,705968661","0,43036"
2020,Maroc,"8,154797592","-3348,692438","8,988484383","3843,165929","142022,0524","1,40195884","0,43036"
2021,Maroc,"1,52716837","-4800,285754","10,16065979","3508,042127","130951,9291","6,657042028","0,43036"
2022,Maroc,"3,40336998","-891,2220012","10,13142586","3829,963497","144437,5175","6,091141525","0,43036"
2023,Maroc,"3,162740442","-2371,739596","9,942358971","3850,884824","146646,2112","0,985256592","0,43036"
2024,Maroc,"3,732459772","-2880,588698","9,904126167","3944,785355","151601,1387","1,683323215","0,43036"
2015,Maurice,"3,865001359","-491,3515174","35,54188156","9965,725714","12594,15597","0,977675135","0,42373"
2016,Maurice,"3,827024621","-612,2274013","34,48140717","10841,68504","13713,50646","3,666997027","0,42373"
2017,Maurice,"3,9888","-555,3929776","33,93444824","11643,44404","14735,67498","3,216053831","0,42373"
2018,Maurice,"2,8913","-718,4954861","35,47351837","11403,25235","14436,34642","0,40565519","0,42373"
2019,Maurice,"-14,5466","-1002,712258","39,34693146","9011,043238","11408,10689","2,580800772","0,42373"
2020,Maurice,"3,4038","-1496,640055","41,69213486","9068,972598","11484,34835","4,028528882","0,42373"
2021,Maurice,"8,8799","-1436,824184","44,18277359","10223,78856","12907,7682","10,77375122","0,42373"
2022,Maurice,"5,0","-696,8139508","45,26722336","11182,18697","14101,19624","7,052982385","0,42373"
2023,Maurice,"4,7","-1050,013442","46,41467667","11871,73325","14952,55488","3,604522039","0,42373"
2024,Maurice,"3,3","-905,0","46,1617012","12647,72484","16041,10942","2,7094","0,42373"
2015,Mauritanie,"1,260909217","-882,9191453","352,3708191","153,6855677","639,874779","1,47171046","0,38605"
2016,Mauritanie,"3,497175","-709,0006898","357,9441528","158,7858966","680,0136224","2,25427652","0,38605"
2017,Mauritanie,"2,115267634","-972,88644","35,67750168","1697,256566","7473,550205","3,067359961","0,38605"
2018,Mauritanie,"5,861141328","-831,1064019","36,69083405","1782,292771","8066,118829","2,300092621","0,38605"
2019,Mauritanie,"-0,938516152","-576,1750867","37,18916702","1807,7663","8405,498655","2,385694885","0,38605"
2020,Mauritanie,"2,445368256","-807,8634188","36,0633316","2166,0449","9996,240899","3,565164847","0,38605"
2021,Mauritanie,"7,075","-1424,095461","36,93500137","2312,831521","10953,89157","9,525266286","0,38605"
2022,Mauritanie,"3,4","-966,5058532","36,48916626","2257,716445","10979,25024","4,953050345","0,38605"
2023,Mauritanie,"4,3","-1447,837863","36,66282272","2162,435274","10799,03309","2,78","0,38605"
2024,Mauritanie,"5,0","-1075,878861","37,57817078","2222,97756","11399,74237","3,7","0,38605"
2015,Mozambique,"3,82420637","-4066,257223","63,05623245","433,6705477","12069,05134","17,41804182","0,38005"
2016,Mozambique,"3,741319042","-2379,51102","63,58432388","463,0053566","13264,64046","15,11320739","0,38005"
2017,Mozambique,"3,428172771","-4425,237192","60,32620621","510,3778955","15017,3592","3,9113344","0,38005"
2018,Mozambique,"2,3178","-2493,900604","62,54833221","512,2089206","15512,75937","2,802703079","0,38005"
2019,Mozambique,"-1,2195","-3557,623414","69,46499634","456,585453","14235,42126","3,483935675","0,38005"
2020,Mozambique,"2,3774","-3426,4623","65,46499634","504,0389467","16168,05729","6,40847653","0,38005"
2021,Mozambique,"4,3645","-6366,77223","63,85083389","572,748834","18883,52906","10,27940181","0,38005"
2022,Mozambique,"5,4368","-2207,224607","63,88583374","617,1956009","20921,07928","7,126974821","0,38005"
2023,Mozambique,"1,9","-2498,192202","63,90499878","652,5142526","22745,34182","4,078568348","0,38005"
2024,Mozambique,"1,6","-6839,3","63,90340042","653,4571811","23416,63808","4,4331","0,38005"
2015,Namibie,"0,033792771","-1768,82088","14,70876694","4547,00627","10722,04085","6,728582346","0,337"
2016,Namibie,"-1,027250579","-570,0419271","13,31289959","5363,929543","12887,50049","6,145799811","0,337"
2017,Namibie,"1,095152233","-485,9198442","13,23394203","5588,373769","13682,0155","4,291591053","0,337"
2018,Namibie,"-1,649303031","-221,3616866","14,44869041","5027,688758","12541,69027","3,722394144","0,337"
2019,Namibie,"-8,10140426","316,1625861","16,46326637","4165,326284","10583,7442","2,209382369","0,337"
2020,Namibie,"3,603838586","-1395,138187","14,77867508","4412,828022","12402,46497","3,616905301","0,337"
2021,Namibie,"5,398717212","-1602,821077","16,35585785","4349,79648","12569,4416","6,081281141","0,337"
2022,Namibie,"4,442805274","-1895,571401","18,44630814","4187,608689","12408,28237","5,879934633","0,337"
2023,Namibie,"3,711550326","-1920,003001","18,32865906","4413,121641","13372,33669","4,239039229","0,337"
2024,Namibie,"3,3","-2259,228668","18,48982048","4597,226942","14218,37704","4,479481535","0,337"
2015,Niger,"4,926937529","-1181,659914","592,6055908","500,2150002","10398,86409","1,653889224","0,29859"
2016,Niger,"4,894571442","-1274,368826","580,6567383","517,7717472","11185,10618","2,796373189","0,29859"
2017,Niger,"6,481388047","-1625,023612","555,4464722","570,7240016","12808,66232","2,96760366","0,29859"
2018,Niger,"5,941394895","-1572,44025","585,9110107","554,0996064","12916,46022","-2,489792651","0,29859"
2019,Niger,"3,550228966","-1815,733516","575,5859985","567,7854091","13744,17473","2,89819376","0,29859"
2020,Niger,"1,387125494","-2099,092174","554,5307007","608,7223934","14915,0013","3,837868028","0,29859"
2021,Niger,"11,89982785","-2500,089005","623,7597046","608,9841291","15414,58983","4,226217919","0,29859"
2022,Niger,"2,5","-2332,754444","606,5697632","642,0497089","16795,93499","3,700973164","0,29859"
2023,Niger,"10,30000003","-1273,289665","606,1029663","755,7336837","20429,3043","9,071519977","0,29859"
2024,Niger,"6,600000013","-782,8817033","630,4588623","780,4095954","21787,3432","4,2","0,29859"
2015,Nigeria,"-1,616868291","5077,217476","253,4920044","2176,000159","404649,5205","15,69681264","0,2922"
2016,Nigeria,"0,805886974","13563,76522","305,7901001","1968,560248","375745,4864","16,50226621","0,2922"
2017,Nigeria,"1,922757157","7283,154463","306,0836792","2153,097578","421737,3098","12,09510652","0,2922"
2018,Nigeria,"2,208429277","-13685,219","306,9209595","2361,207469","474516,7604","11,39642234","0,2922"
2019,Nigeria,"-1,794253081","-15985,92754","358,810791","2085,474118","429898,7733","13,24602343","0,2922"
2020,Nigeria,"3,647186538","-3254,16317","401,1520386","2008,539073","438924,6095","16,95284572","0,2922"
2021,Nigeria,"3,251681412","1018,598846","425,9791565","2128,890689","475063,8648","18,84718778","0,2922"
2022,Nigeria,"5,129254598","6423,22272","645,7685547","1593,004127","363018,4719","24,6595502","0,2922"
2023,Nigeria,"4,062708242","17215,26932","1478,96521","1083,423593","252090,4361","33,24209665","0,2922"
2024,Nigeria,"3,125096922","5863,987637","1620,541016","1169,164642","277709,0841","22,39743563","0,2922"
2015,Ouganda,"4,329146418","-795,9955059","3420,0979","800,2566166","31729,51304","5,706375046","0,37573"
2016,Ouganda,"5,047777804","-1501,727445","3611,224365","810,462332","33363,96891","5,209717059","0,37573"
2017,Ouganda,"6,336633663","-2084,720708","3727,069092","829,4280181","35440,65633","2,61601191","0,37573"
2018,Ouganda,"7,777142272","-2632,53","3704,049072","851,8833823","37712,5255","2,867588035","0,37573"
2019,Ouganda,"-1,411683569","-3598,19","3718,249023","872,0211782","39887,12071","3,313322895","0,37573"
2020,Ouganda,"5,751972414","-3604,9","3587,051758","988,250683","45371,50793","2,204572048","0,37573"
2021,Ouganda,"5,799959386","-4063,94","3689,817383","1059,115269","50109,6231","7,19578886","0,37573"
2022,Ouganda,"4,996033798","-3766,44","3726,140381","1067,351943","51933,71764","5,350948043","0,37573"
2023,Ouganda,"6,3","-5488,712812","3757,262451","1131,47549","56590,85075","3,323380671","0,37573"
2024,Ouganda,"6,1","-5698,714298","3622,567871","1325,842878","68128,29574","3,729175402","0,37573"
2015,RDC,"2,399379098","-1504,159532","1010,302734","489,9181541","38600,22513","2,885851073","0,2411"
2016,RDC,"3,726947653","-1241,424116","1464,417969","485,2744519","39500,74107","68,48864794","0,2411"
2017,RDC,"5,815557391","-1672,321587","1622,52356","571,3998272","48036,49324","24,47465407","0,2411"
2018,RDC,"4,446607709","-1693,232061","1647,760132","586,3883564","50892,97852","5,752107625","0,2411"
2019,RDC,"1,735304804","-1052,131626","1851,122192","554,0692699","49623,22173","30,22934809","0,2411"
2020,RDC,"6,200274838","-587,4069704","1989,391479","581,0849571","57613,9529","13,93345171","0,2411"
2021,RDC,"8,543726498","-3148,079379","2006,708252","642,3737784","65777,12723","9,041482155","0,2411"
2022,RDC,"8,4","-3882,715616","2340,035645","660,7633059","69901,97238","32,33583872","0,2411"
2023,RDC,"4,5","-3286,312095","2808,88623","673,4770606","73595,05774","25,90058024","0,2411"
2024,RDC,"4,9","-2554,737925","2886,708984","778,4291484","87832,08587","15,68466197","0,2411"
2015,Sénégal,"6,228449896","-795,6482153","592,6055908","1269,862152","19040,31311","0,837284943","0,40411"
2016,Sénégal,"7,153786942","-1526,269729","580,6567383","1361,733145","20996,56337","1,318153149","0,40411"
2017,Sénégal,"6,2095","-2215,256001","555,4464722","1458,098963","23116,70097","0,460985643","0,40411"
2018,Sénégal,"4,6136","-1897,946142","585,9110107","1436,180417","23403,99608","1,760111512","0,40411"
2019,Sénégal,"1,3421","-2662,353129","575,5859985","1465,033045","24530,51331","2,543146857","0,40411"
2020,Sénégal,"6,544","-3327,276074","554,5307007","1599,673498","27520,78286","2,180322781","0,40411"
2021,Sénégal,"3,8219","-5542,372487","623,7597046","1562,541237","27619,4789","9,696818991","0,40411"
2022,Sénégal,"4,3375","-6071,838779","606,5697632","1674,27191","30408,12642","5,939477988","0,40411"
2023,Sénégal,"6,9","-3985,2","606,3452759","1760,49393","32852,57722","0,804503299","0,40411"
2024,Sénégal,"8,8","-3076,0","582,2852173","1961,122104","37600,59409","1,3432","0,40411"
2015,Tanzanie,"6,867116196","-1217,739522","2177,08667","966,2979167","49774,00569","5,174766293","0,3124"
2016,Tanzanie,"6,77290597","-1477,529193","2228,856689","1003,785413","53274,90699","5,318716052","0,3124"
2017,Tanzanie,"6,950556969","-2308,82664","2263,781738","1001,730334","54774,61465","3,494458489","0,3124"
2018,Tanzanie,"6,9154","-1340,241664","2288,206787","1043,947627","58797,21827","3,46428058","0,3124"
2019,Tanzanie,"4,5349","-1458,54737","2294,14624","1092,599731","63371,87698","3,290290628","0,3124"
2020,Tanzanie,"4,8383","-2374,193508","2297,76416","1137,867473","67964,82417","3,690919588","0,3124"
2021,Tanzanie,"4,6651","-5482,216435","2303,004639","1205,863806","74172,68273","4,350272043","0,3124"
2022,Tanzanie,"5,0639","-2958,303206","2383,007324","1237,214993","78368,90927","3,799232914","0,3124"
2023,Tanzanie,"5,5729","-2379,8","2597,644531","1214,813796","79243,51876","3,056946763","0,3124"
2024,Tanzanie,"6,0","-2173,4","2543,117676","1317,622965","88511,32267","3,3171","0,3124"
2015,Tchad,"-6,431087726","-717,5064353","592,6055908","920,4734618","13403,61975","-0,792440525","0,30256"
2016,Tchad,"-3,143258167","-1019,368706","580,6567383","888,9428072","13349,04168","-1,53709963","0,30256"
2017,Tchad,"5,7411","-951,0528719","555,4464722","990,2616746","15326,99986","4,274621986","0,30256"
2018,Tchad,"5,3887","-1236,170796","585,9110107","935,3954365","14916,64065","-0,971939175","0,30256"
2019,Tchad,"-0,4089","-728,4655678","575,5859985","888,4574464","14593,67674","4,464144372","0,30256"
2020,Tchad,"0,294","45,56875831","554,5307007","893,212923","15924,44384","-0,77284437","0,30256"
2021,Tchad,"4,1102","833,1804061","623,7597046","879,2022399","16225,95516","5,788026878","0,30256"
2022,Tchad,"4,028","-102,8901574","606,5697632","911,1542","17602,6463","10,83635684","0,30256"
2023,Tchad,"1,515","-354,2156603","607,0821533","996,3112608","20224,24483","8,899507323","0,30256"
2024,Tchad,"1,7","-273,3453287","598,3195801","1045,531489","21960,03497","4,0252","0,30256"
2015,Togo,"5,1","-461,0246046","592,6055908","787,3211981","6031,667698","2,58390527","0,39946"
2016,Togo,"4,4","-96,64329547","580,6567383","814,3985932","6395,472153","-0,980289496","0,39946"
2017,Togo,"4,795183331","-184,8515864","555,4464722","883,8326185","7112,201081","0,928170504","0,39946"
2018,Togo,"4,922833214","-55,44357295","585,9110107","875,942632","7220,395115","0,685897591","0,39946"
2019,Togo,"2,162286574","-20,73772112","575,5859985","897,0336835","7573,65539","1,827540385","0,39946"
2020,Togo,"5,990876104","-217,3519587","554,5307007","963,8068837","8334,038123","4,558772926","0,39946"
2021,Togo,"5,759542515","-281,0956002","623,7597046","917,6186404","8126,430679","7,617125487","0,39946"
2022,Togo,"6,407922157","-225,5202028","606,5697632","1001,016479","9079,219464","5,302548091","0,39946"
2023,Togo,"5,3","-370,3306579","606,3477173","1055,582009","9806,356863","2,870214053","0,39946"
2024,Togo,"5,3","-428,7187996","583,8901367","1163,14931","11067,36568","2,3","0,39946"
2015,Tunisie,"1,229070796","-3783,414286","2,148033381","3924,302361","44360,08628","3,629399374","0,33754"
2016,Tunisie,"1,918681941","-4222,408217","2,419425011","3687,739339","42163,53909","5,308848396","0,33754"
2017,Tunisie,"2,715137792","-4607,847185","2,64686656","3690,942787","42686,5026","7,30759176","0,33754"
2018,Tunisie,"0,980664328","-3373,037345","2,934433222","3583,295339","41905,63925","6,720075329","0,33754"
2019,Tunisie,"-9,011948978","-2554,750409","2,812358379","3595,325205","42491,77519","5,634151159","0,33754"
2020,Tunisie,"4,736268965","-2770,055368","2,794466734","3906,939635","47073,23884","5,706350208","0,33754"
2021,Tunisie,"2,673248327","-3969,241926","3,103600025","3708,848094","44948,76881","8,306461245","0,33754"
2022,Tunisie,"0,039175602","-1110,5133","3,106166601","3950,375849","48196,28797","9,328995975","0,33754"
2023,Tunisie,"1,411669332","-876,9896426","3,11228323","4196,253106","51517,85677","7,206616572","0,33754"
2024,Tunisie,"1,657473339","-2040,369455","3,090749979","4583,072896","56594,41022","5,398324248","0,33754"
2015,Zambie,"3,757033233","-953,9616062","10,30749989","1250,305942","20965,13003","17,86973008","0,28707"
2016,Zambie,"3,396182044","-435,005245","9,517499924","1495,755178","25873,57307","6,577311542","0,28707"
2017,Zambie,"4,034811566","-342,3565908","10,45833302","1475,190348","26311,49504","7,494571927","0,28707"
2018,Zambie,"1,441305977","140,712285","12,89000034","1268,158226","23308,7482","9,150316443","0,28707"
2019,Zambie,"-2,785055046","2138,616084","18,34409332","958,250455","18137,76461","15,73306047","0,28707"
2020,Zambie,"6,234922048","2629,551251","20,01848602","1134,720794","22096,41801","22,02076762","0,28707"
2021,Zambie,"5,249622298","1093,013822","16,93759346","1457,41999","29174,63336","10,99320392","0,28707"
2022,Zambie,"5,32950099","-582,7154703","20,21201706","1340,688272","27577,95775","10,88453169","0,28707"
2023,Zambie,"3,979070867","306,3080632","26,16641808","1205,129086","25470,40323","14,98562627","0,28707"
2024,Zambie,"4,8501164","456,4281043","25,72104073","1418,087966","30782,43548","13,30328498","0,28707"
2015,Égypte,"4,346643456","-20493,9","10,02540112","2861,428343","270253,5259","13,81360621","0,422"
2016,Égypte,"4,181221","-7939,7","17,78253365","2023,331164","195135,2979","29,50660839","0,422"
2017,Égypte,"5,356935862","-7698,166088","17,76729012","2537,51215","249751,0859","14,40146578","0,422"
2018,Égypte,"5,6218","-10221,89526","16,7705822","3161,205727","317347,3608","9,152799593","0,422"
2019,Égypte,"3,5961","-14235,95691","15,75917339","3936,108544","402799,318","5,04493289","0,422"
2020,Égypte,"3,3259","-18610,82818","15,64452744","4163,042569","461918,7144","5,214049405","0,422"
2021,Égypte,"6,6263","-10536,55573","19,16044044","4072,781444","458669,5189","13,89566098","0,422"
2022,Égypte,"3,6665","-12564,26898","30,62641335","3418,398677","391528,8563","33,88477631","0,422"
2023,Égypte,"2,3486","-22119,2","45,29925919","3086,611972","359708,3576","28,27058993","0,422"
2024,Égypte,"4,3941","-13859,1","49,25740051","3130,06262","370492,9921","14,0899","0,422"
2015,Éthiopie,"7,958070903","-7905,485193","21,7315464","696,479204","72157,65605","6,628133372","0,28723"
2016,Éthiopie,"9,564189655","-5928,627607","23,86610413","721,7534905","76794,51798","10,68711503","0,28723"
2017,Éthiopie,"6,816166548","-4611,293723","27,42938614","734,3628342","80210,3473","13,83303566","0,28723"
2018,Éthiopie,"8,364302139","-5025,133763","29,06974983","825,8650418","92561,90256","15,80963217","0,28723"
2019,Éthiopie,"6,059295613","-2718,80379","34,92716599","840,4610146","96622,40961","20,35634686","0,28723"
2020,Éthiopie,"5,641528935","-4507,26834","43,73377991","812,6851035","99260,21103","26,83952216","0,28723"
2021,Éthiopie,"5,321766451","-5160,399281","51,75621414","948,7780142","118961,8548","33,88987971","0,28723"
2022,Éthiopie,"6,594621726","-4787,655499","54,60094833","1241,311336","159746,4562","30,21882781","0,28723"
2023,Éthiopie,"8,1","-5514,226211","76,41926575","1175,862343","155284,1071","23,78363204","0,28723"
2024,Éthiopie,"6,7","-4357,028086","134,6137848","799,0665444","108251,1837","13,878348","0,28723"
